Date,Crypto_Volume,Crypto_Market_Cap,S&P500_Open,S&P500_High,S&P500_Low,S&P500_Close,S&P500_Volume,VIX_Open,VIX_High,VIX_Low,VIX_Close
2020-10-05,71215206150.108,278926220420.95996,316.04072420129154,319.70839338054463,315.9937142078206,319.52032470703125,45713100.0,29.520000457763672,29.690000534057617,27.270000457763672,27.959999084472656
2020-10-06,73364785790.6198,271926523697.34,319.6614692289698,321.78684957779194,314.4608940308898,314.9781188964844,90128900.0,28.049999237060547,30.0,26.01000022888184,29.479999542236328
2020-10-07,62734271024.963295,273453053707.75,317.97803710669746,321.27895403446433,317.9498253679829,320.4607849121094,56999600.0,29.26000022888184,29.76000022888184,27.940000534057617,28.059999465942383
2020-10-08,90181183405.317,280374462844.0,322.4262497653275,323.3666792360156,321.495205073598,323.30084228515625,45242500.0,27.649999618530277,27.989999771118164,24.8799991607666,26.36000061035156
2020-10-09,49239135264.2308,286170532261.0,324.97479574735013,326.6581724847671,324.34472409287474,326.1879577636719,59528600.0,26.200000762939453,26.21999931335449,24.030000686645508,25.0
2020-10-10,49954982963.938,291203605903.7,324.97479574735013,326.6581724847671,324.34472409287474,326.1879577636719,59528600.0,26.200000762939453,26.21999931335449,24.030000686645508,25.0
2020-10-11,44944942040.774895,294468929550.9,324.97479574735013,326.6581724847671,324.34472409287474,326.1879577636719,59528600.0,26.200000762939453,26.21999931335449,24.030000686645508,25.0
2020-10-12,56856263634.095,299665186072.1,328.7647912025177,332.93088757924073,328.2663646461562,331.43560791015625,80388500.0,25.649999618530277,25.649999618530277,24.13999938964844,25.06999969482422
2020-10-13,51186036673.317,296547121962.2,331.29453138300465,331.4732152992231,328.29455872603177,329.2726135253906,73255500.0,25.670000076293945,26.93000030517578,25.15999984741211,26.06999969482422
2020-10-14,49729997503.718,295785021095.6,329.85569276123,330.965392836848,326.460755572356,327.20367431640625,57727900.0,25.71999931335449,27.229999542236328,25.530000686645508,26.399999618530277
2020-10-15,50621813791.267,296435943980.93,323.2350798547268,327.2883295118809,322.68964326381683,326.79931640625,60357700.0,27.100000381469727,29.059999465942383,26.81999969482422,26.96999931335449
2020-10-16,52156770237.464,291626701275.24,328.1722773500685,329.8556542272104,326.4230922182292,326.6017761230469,89501900.0,27.15999984741211,27.459999084472656,26.190000534057617,27.40999984741211
2020-10-17,39484475428.128,292169283464.64996,328.1722773500685,329.8556542272104,326.4230922182292,326.6017761230469,89501900.0,27.15999984741211,27.459999084472656,26.190000534057617,27.40999984741211
2020-10-18,38720741387.264,296844665966.48,328.1722773500685,329.8556542272104,326.4230922182292,326.6017761230469,89501900.0,27.15999984741211,27.459999084472656,26.190000534057617,27.40999984741211
2020-10-19,46297344367.515,301155101701.55,327.88075935708804,328.5202445680317,320.72410420307284,321.6363220214844,68425600.0,27.36000061035156,29.690000534057617,27.040000915527344,29.18000030517578
2020-10-20,56419304415.298,302472633766.69,322.9999348731785,326.21621665826694,322.2288044308222,322.9247131347656,60051900.0,28.809999465942383,29.600000381469727,28.290000915527344,29.350000381469727
2020-10-21,78653779734.44,324047655406.16,322.87765027229653,325.07828057613625,322.0030577179887,322.3134155273437,63575000.0,29.1200008392334,30.549999237060547,28.3700008392334,28.649999618530277
2020-10-22,66355880007.11,329956365505.77,322.52968747373944,324.67386554712687,320.35729766384543,324.0813903808594,55399300.0,30.100000381469727,30.1200008392334,27.68000030517578,28.11000061035156
2020-10-23,57522173075.71,329428965247.9,325.3228824642863,325.3793059578133,322.6896904342239,325.18182373046875,49143900.0,28.46999931335449,28.670000076293945,27.26000022888184,27.549999237060547
2020-10-24,49790227313.204,333481916884.85,325.3228824642863,325.3793059578133,322.6896904342239,325.18182373046875,49143900.0,28.46999931335449,28.670000076293945,27.26000022888184,27.549999237060547
2020-10-25,48179897885.552,330129872571.51,325.3228824642863,325.3793059578133,322.6896904342239,325.18182373046875,49143900.0,28.46999931335449,28.670000076293945,27.26000022888184,27.549999237060547
2020-10-26,60294228628.1,329479635279.04,321.74916154197103,322.5485323869964,315.6269560825658,319.1723937988281,91473000.0,29.3799991607666,33.68000030517578,29.21999931335449,32.459999084472656
2020-10-27,62353327245.12,342121644644.0,319.5203520577409,319.8588929188217,317.8557733918637,318.07208251953125,65994100.0,32.040000915527344,33.77000045776367,31.850000381469727,33.349998474121094
2020-10-28,66371582109.920006,331772901890.26,312.3166840829194,318.1003205345294,306.70231807583235,307.20074462890625,127094300.0,34.689998626708984,40.77000045776367,34.68000030517578,40.27999877929688
2020-10-29,86692418470.504,333566280619.47003,307.4358417899511,313.5392206665911,305.7242530422314,310.3229675292969,90597700.0,38.79999923706055,41.15999984741211,35.630001068115234,37.59000015258789
2020-10-30,58721358115.214,334448236664.16,308.72422895047293,310.050238134769,303.3825956929018,307.087890625,120287300.0,40.810001373291016,41.09000015258789,36.5,38.02000045776367
2020-10-31,53934155677.192,339173944032.95996,308.72422895047293,310.050238134769,303.3825956929018,307.087890625,120287300.0,40.810001373291016,41.09000015258789,36.5,38.02000045776367
2020-11-01,45530167725.206,340683656767.05,308.72422895047293,310.050238134769,303.3825956929018,307.087890625,120287300.0,40.810001373291016,41.09000015258789,36.5,38.02000045776367
2020-11-02,58907042955.826996,333696753459.19,310.52984619140625,312.5611487460782,307.74615408386074,310.52984619140625,86068300.0,38.56999969482422,38.77999877929688,36.130001068115234,37.130001068115234
2020-11-03,57042430037.158005,342004636375.07,313.81194100634207,318.1002974880372,310.6144862541493,316.0125427246094,93294200.0,36.43999862670898,36.43999862670898,34.189998626708984,35.54999923706055
2020-11-04,66101428267.380005,346576390275.47003,320.554822153333,327.213079844498,319.3604868839866,323.0751953125,126959700.0,36.790000915527344,36.84999847412109,28.030000686645508,29.56999969482422
2020-11-05,70396227046.744,376549065597.42004,328.4356080442599,331.20988670663206,328.0782402220281,329.37603759765625,82039700.0,27.559999465942383,28.13999938964844,26.040000915527344,27.57999992370605
2020-11-06,72609438991.55,383914278034.16003,329.0845331386502,330.5704280240426,326.94035473283753,329.30084228515625,74973000.0,27.8700008392334,29.440000534057617,24.559999465942383,24.86000061035156
2020-11-07,72527553558.13,365872266205.02,329.0845331386502,330.5704280240426,326.94035473283753,329.30084228515625,74973000.0,27.8700008392334,29.440000534057617,24.559999465942383,24.86000061035156
2020-11-08,50056677555.559,381464096204.09,329.0845331386502,330.5704280240426,326.94035473283753,329.30084228515625,74973000.0,27.8700008392334,29.440000534057617,24.559999465942383,24.86000061035156
2020-11-09,61645467511.78,376787792520.44,342.2881667898538,342.67374637446204,332.9685058974516,333.438720703125,172304200.0,24.799999237060547,25.81999969482422,22.40999984741211,25.75
2020-11-10,51063751124.83,377023795850.19995,332.43242305600245,334.02175124658214,329.62996144392315,332.9496765136719,85552000.0,25.36000061035156,26.770000457763672,24.350000381469727,24.799999237060547
2020-11-11,56615401260.553,386578072476.87,335.1690393218218,336.2599408922408,333.90886734382786,335.4229736328125,58649000.0,25.01000022888184,25.1200008392334,22.56999969482422,23.450000762939453
2020-11-12,59433548646.205,396952406163.73,334.39791123848846,335.4700146515452,330.33527758279547,332.1690979003906,67546200.0,24.38999938964844,27.270000457763672,23.530000686645508,25.350000381469727
2020-11-13,59709485697.069,401407095267.89,334.1064511622512,337.52021558537405,333.5798128231088,336.76788330078125,62892200.0,24.940000534057617,25.030000686645508,22.739999771118164,23.100000381469727
2020-11-14,51737719569.727005,394451351490.08,334.1064511622512,337.52021558537405,333.5798128231088,336.76788330078125,62892200.0,24.940000534057617,25.030000686645508,22.739999771118164,23.100000381469727
2020-11-15,46294010826.007996,390466005548.31,334.1064511622512,337.52021558537405,333.5798128231088,336.76788330078125,62892200.0,24.940000534057617,25.030000686645508,22.739999771118164,23.100000381469727
2020-11-16,58921617417.714,407921965880.60004,339.47624765436683,341.1690092566258,338.16903688735835,340.9715270996094,74541100.0,23.65999984741211,24.07999992370605,22.43000030517578,22.450000762939453
2020-11-17,74306461240.99,429741764606.5,338.5264523154592,340.3603015589505,336.99354743904127,339.1377258300781,66111000.0,22.84000015258789,24.09000015258789,22.34000015258789,22.709999084472656
2020-11-18,89607996217.37,431659732301.81,339.410499197852,339.96534929770087,335.0186797063315,335.0563049316406,70591300.0,22.86000061035156,23.920000076293945,21.65999984741211,23.84000015258789
2020-11-19,69606337288.215,431693343360.67,334.41684985999734,336.8431461686847,333.05321514061893,336.46697998046875,59940900.0,23.6200008392334,24.520000457763672,22.559999465942383,23.11000061035156
2020-11-20,78303563476.73999,453702355619.08,336.2035866851526,336.4104823480211,334.08762005566564,334.162841796875,70417300.0,23.43000030517578,23.729999542236328,22.1299991607666,23.700000762939453
2020-11-21,99561125231.95,468578059753.8,336.2035866851526,336.4104823480211,334.08762005566564,334.162841796875,70417300.0,23.43000030517578,23.729999542236328,22.1299991607666,23.700000762939453
2020-11-22,106295104063.26999,462708915147.44,336.2035866851526,336.4104823480211,334.08762005566564,334.162841796875,70417300.0,23.43000030517578,23.729999542236328,22.1299991607666,23.700000762939453
2020-11-23,114721178780.45,479311855545.4,335.99668415085875,337.4449537613201,333.73024538566943,336.1659545898437,63230600.0,23.65999984741211,23.959999084472656,22.450000762939453,22.65999984741211
2020-11-24,138602306348.62,499137706748.3,338.7520922930149,342.1376441343376,337.8869132500064,341.5827941894531,62415900.0,22.040000915527344,22.479999542236328,20.799999237060547,21.63999938964844
2020-11-25,112590667589.25,483109134021.6,341.4980942248917,341.5263059557352,339.9463916292498,341.0560913085937,45330900.0,21.649999618530277,22.5,21.1299991607666,21.25
2020-11-26,148483734548.58,437898439566.72003,341.4980942248917,341.5263059557352,339.9463916292498,341.0560913085937,45330900.0,21.649999618530277,22.5,21.1299991607666,21.25
2020-11-27,94633818837.11,438713180008.3,342.16586890753234,342.4856114964469,340.9809185430137,342.0060119628906,28514100.0,21.520000457763672,21.600000381469727,19.51000022888184,20.84000015258789
2020-11-28,81860658404.95999,457819957298.10004,342.16586890753234,342.4856114964469,340.9809185430137,342.0060119628906,28514100.0,21.520000457763672,21.600000381469727,19.51000022888184,20.84000015258789
2020-11-29,77680137047.525,470273710737.48,342.16586890753234,342.4856114964469,340.9809185430137,342.0060119628906,28514100.0,21.520000457763672,21.600000381469727,19.51000022888184,20.84000015258789
2020-11-30,106360509067.967,506548046701.44,341.21606382945834,341.488796453104,337.77411670183375,340.491943359375,83872700.0,22.63999938964844,22.88999938964844,20.479999542236328,20.56999969482422
2020-12-01,118650039591.36,483656774271.46,343.79279687265546,345.77708921294766,343.190908255927,344.2159729003906,74231400.0,20.209999084472656,20.920000076293945,20.0,20.770000457763672
2020-12-02,85674671943.53,494108495144.91,343.0875380625756,345.100042509178,342.5044762948649,344.940185546875,45927000.0,21.0,21.25,20.040000915527344,21.170000076293945
2020-12-03,72948755400.26,501675562935.49,344.83671689126413,346.25677476312154,343.7270168574476,344.8461303710937,62882000.0,21.239999771118164,21.8799991607666,20.71999931335449,21.280000686645508
2020-12-04,74937460092.18,475469390501.47,345.4385855056391,347.81787109375,345.3445368117168,347.81787109375,50749900.0,21.049999237060547,21.149999618530277,19.96999931335449,20.790000915527344
2020-12-05,61816965481.685,490567302446.37,345.4385855056391,347.81787109375,345.3445368117168,347.81787109375,50749900.0,21.049999237060547,21.149999618530277,19.96999931335449,20.790000915527344
2020-12-06,57777146012.44,495889566584.89,345.4385855056391,347.81787109375,345.3445368117168,347.81787109375,50749900.0,21.049999237060547,21.149999618530277,19.96999931335449,20.790000915527344
2020-12-07,56750051554.828,490683819241.49,347.03728194391715,347.6015453808935,345.81473508016063,347.1031188964844,48944300.0,22.040000915527344,22.6200008392334,21.170000076293945,21.299999237060547
2020-12-08,66932462134.68,465322909472.36,345.81474114840245,348.6924531578852,345.76773115267554,348.1188049316406,42458900.0,21.649999618530277,22.25,20.520000457763672,20.68000030517578
2020-12-09,77042539377.79,473762418585.33,348.7865736300896,348.94643060816475,344.1502620717178,344.99664306640625,74098300.0,20.65999984741211,22.93000030517578,20.100000381469727,22.270000457763672
2020-12-10,56898039779.759,465432699906.92,343.6047897657889,345.9464504999356,342.7207835650194,344.8837890625,57735400.0,22.1200008392334,23.459999084472656,21.530000686645508,22.520000457763672
2020-12-11,60581563139.61,457867966335.80005,343.1628047449895,344.89319201435785,341.6205149025769,344.4794006347656,57698600.0,22.489999771118164,25.13999938964844,22.479999542236328,23.309999465942383
2020-12-12,50182008430.346,474136404796.45,343.1628047449895,344.89319201435785,341.6205149025769,344.4794006347656,57698600.0,22.489999771118164,25.13999938964844,22.479999542236328,23.309999465942383
2020-12-13,53550667541.061,484730307859.60004,343.1628047449895,344.89319201435785,341.6205149025769,344.4794006347656,57698600.0,22.489999771118164,25.13999938964844,22.479999542236328,23.309999465942383
2020-12-14,47373241726.906,485918267805.29,346.6800238685695,347.77089708214754,342.75841932968655,342.9371032714844,69216200.0,22.670000076293945,24.81999969482422,21.950000762939453,24.71999931335449
2020-12-15,55386256420.520004,488997932002.3,345.5138515229535,347.5733947753906,344.1220339931997,347.5733947753906,63865300.0,24.0,24.06999969482422,22.729999542236328,22.88999938964844
2020-12-16,91247132565.22,536756870113.38,347.7896488626593,349.04982096422884,346.89622934680017,348.1188049316406,58420500.0,22.51000022888184,23.670000076293945,22.290000915527344,22.5
2020-12-17,144449993528.56,566085013718.85,349.7833733341127,350.27238637413245,348.94637724871234,350.06549072265625,64119500.0,21.979999542236328,22.270000457763672,21.520000457763672,21.93000030517578
2020-12-18,91014857444.776,574616452848.36,350.3582772361999,350.5282692128944,346.6277344231327,348.667724609375,136542300.0,22.149999618530277,23.770000457763672,21.56999969482422,21.56999969482422
2020-12-19,80888788132.16501,588972654839.15,350.3582772361999,350.5282692128944,346.6277344231327,348.667724609375,136542300.0,22.149999618530277,23.770000457763672,21.56999969482422,21.56999969482422
2020-12-20,79930055477.058,577701196590.72,350.3582772361999,350.5282692128944,346.6277344231327,348.667724609375,136542300.0,22.149999618530277,23.770000457763672,21.56999969482422,21.56999969482422
2020-12-21,91601014280.732,558140845719.62,344.6916393900634,357.43210253413093,341.9149885476664,347.4210510253906,96386700.0,24.25,31.459999084472656,24.229999542236328,25.15999984741211
2020-12-22,96763511614.43,577212828493.06,347.7515859548058,347.864913928726,345.69271757001,346.8354797363281,47949000.0,25.239999771118164,25.559999465942383,23.530000686645508,24.229999542236328
2020-12-23,113509176351.42,547574388628.49,347.8177293894569,349.08327322887294,346.81662711615803,347.1471862792969,46201400.0,23.489999771118164,23.68000030517578,22.1299991607666,23.309999465942383
2020-12-24,96527337689.028,567191084310.86,347.6288153176249,348.5260431760125,347.0338434358165,348.4977111816406,26457900.0,22.46999931335449,22.82999992370605,21.38999938964844,21.530000686645508
2020-12-25,95538829864.60199,586251673102.53,347.6288153176249,348.5260431760125,347.0338434358165,348.4977111816406,26457900.0,22.46999931335449,22.82999992370605,21.38999938964844,21.530000686645508
2020-12-26,96310396478.228,619016557033.74,347.6288153176249,348.5260431760125,347.0338434358165,348.4977111816406,26457900.0,22.46999931335449,22.82999992370605,21.38999938964844,21.530000686645508
2020-12-27,130260247254.28,621096257240.41,347.6288153176249,348.5260431760125,347.0338434358165,348.4977111816406,26457900.0,22.46999931335449,22.82999992370605,21.38999938964844,21.530000686645508
2020-12-28,105201972833.47,643149896992.61,351.08547730055324,351.8882556036705,350.4527197926856,351.4916076660156,39000400.0,22.11000061035156,22.1200008392334,21.149999618530277,21.700000762939453
2020-12-29,102259759521.5,648979423575.75,353.0405114150347,353.2199570144629,350.2260746436619,350.8210754394531,53680500.0,21.61000061035156,23.71999931335449,20.989999771118164,23.07999992370605
2020-12-30,98590575169.16,676930169882.4,351.652153407905,352.3699357394344,350.9249462923084,351.32159423828125,49455300.0,22.57999992370605,23.149999618530277,22.40999984741211,22.770000457763672
2020-12-31,84653378138.58,680493881348.3,351.12330204270035,353.8432892062716,350.6038724591175,353.10662841796875,78520700.0,22.989999771118164,23.25,21.239999771118164,22.75
2021-01-01,80534254386.7,686501529661.78,351.12330204270035,353.8432892062716,350.6038724591175,353.10662841796875,78520700.0,22.989999771118164,23.25,21.239999771118164,22.75
2021-01-02,121059720939.6,744143818269.14,351.12330204270035,353.8432892062716,350.6038724591175,353.10662841796875,78520700.0,22.989999771118164,23.25,21.239999771118164,22.75
2021-01-03,166005061412.32,783802321108.3,351.12330204270035,353.8432892062716,350.6038724591175,353.10662841796875,78520700.0,22.989999771118164,23.25,21.239999771118164,22.75
2021-01-04,183357820809.92,778034274262.0,354.4571352854946,354.58937048174835,344.5499867633749,348.2994079589844,110210800.0,23.040000915527344,29.190000534057617,22.559999465942383,26.96999931335449
2021-01-05,148302456759.05,825603701815.3,347.64772509043775,351.80324762008,347.6004858848247,350.6982421875,66426200.0,26.940000534057617,28.600000381469727,24.799999237060547,25.34000015258789
2021-01-06,174684993547.85,900293294001.75,349.1683123993127,356.034398005617,348.611097202579,352.7949523925781,107997700.0,25.479999542236328,26.770000457763672,22.13999938964844,25.06999969482422
2021-01-07,186621553254.47998,950762062203.0,355.20327547610503,358.7921297407344,355.02382988067643,358.0365905761719,68766800.0,23.670000076293945,23.90999984741211,22.25,22.3700008392334
2021-01-08,184012143853.97,976901809334.9,359.4437517738404,360.293740438384,356.14767148910244,360.0765380859375,71677200.0,22.43000030517578,23.34000015258789,21.420000076293945,21.559999465942383
2021-01-09,137754428516.46,977362264452.7,359.4437517738404,360.293740438384,356.14767148910244,360.0765380859375,71677200.0,22.43000030517578,23.34000015258789,21.420000076293945,21.559999465942383
2021-01-10,171878711860.93,936037318133.3,359.4437517738404,360.293740438384,356.14767148910244,360.0765380859375,71677200.0,22.43000030517578,23.34000015258789,21.420000076293945,21.559999465942383
2021-01-11,243877572656.12,856152436632.0,356.855997839929,359.43429581140606,356.73321625615046,357.6493225097656,51034700.0,23.309999465942383,24.809999465942383,23.229999542236328,24.07999992370605
2021-01-12,153651062863.21002,820148765319.8,357.8382713667536,358.7543489255794,355.4488145980365,357.72491455078125,52547700.0,23.489999771118164,25.149999618530277,22.82999992370605,23.32999992370605
2021-01-13,131166248139.13,900923157010.2,357.6493140913567,359.69872890136986,356.85598944019347,358.6882019042969,45303600.0,23.06999969482422,24.18000030517578,21.920000076293945,22.209999084472656
2021-01-14,133326557578.04001,949980917845.5,359.4437871978365,359.9537919756121,357.09214493571363,357.43212890625,49989100.0,22.21999931335449,23.46999931335449,21.65999984741211,23.25
2021-01-15,147396253258.0,899504389705.3,355.7887866312883,356.6009897098656,352.93659342855824,354.8254699707031,107160000.0,23.520000457763672,25.799999237060547,23.07999992370605,24.34000015258789
2021-01-16,133556944681.5,901632822918.6,355.7887866312883,356.6009897098656,352.93659342855824,354.8254699707031,107160000.0,23.520000457763672,25.799999237060547,23.07999992370605,24.34000015258789
2021-01-17,119620119396.75,896107571090.1,355.7887866312883,356.6009897098656,352.93659342855824,354.8254699707031,107160000.0,23.520000457763672,25.799999237060547,23.07999992370605,24.34000015258789
2021-01-18,106223639770.77,914636515169.3,355.7887866312883,356.6009897098656,352.93659342855824,354.8254699707031,107160000.0,23.520000457763672,25.799999237060547,23.07999992370605,24.34000015258789
2021-01-19,141906441704.23,917167338248.1,357.31885967068774,358.159423772681,355.8172059099569,357.61163330078125,51233300.0,23.030000686645508,23.559999465942383,22.530000686645508,23.239999771118164
2021-01-20,150805449091.51,909901751522.6,359.93488901623056,363.41044408062254,359.53824104591735,362.5604553222656,61836100.0,22.81999969482422,22.86000061035156,21.3700008392334,21.57999992370605
2021-01-21,158693747375.76,781165047360.9,363.12703972931473,363.5615020596326,361.9559455668181,362.8909301757813,47840100.0,21.34000015258789,22.21999931335449,21.09000015258789,21.31999969482422
2021-01-22,157874147283.32,840514190938.1,361.0115665987471,362.7871153442211,360.6243434087685,361.6065673828125,52860500.0,22.239999771118164,23.729999542236328,21.270000457763672,21.90999984741211
2021-01-23,103848949106.53,826608875522.3,361.0115665987471,362.7871153442211,360.6243434087685,361.6065673828125,52860500.0,22.239999771118164,23.729999542236328,21.270000457763672,21.90999984741211
2021-01-24,113008167917.51,850414763425.9,361.0115665987471,362.7871153442211,360.6243434087685,361.6065673828125,52860500.0,22.239999771118164,23.729999542236328,21.270000457763672,21.90999984741211
2021-01-25,134634837886.46,841580536376.1,362.352657076274,363.3915161539552,357.43211275655653,363.03265380859375,70402000.0,22.309999465942383,26.6299991607666,22.200000762939453,23.190000534057617
2021-01-26,131620444562.38,849134355228.0,363.9960195840742,364.4115747999672,362.2299243275156,362.4660339355469,42665300.0,23.90999984741211,23.940000534057617,22.549999237060547,23.020000457763672
2021-01-27,133603448601.38,791309585765.5,359.0943314317917,359.18878102614696,351.34050106211924,353.6071472167969,123351100.0,23.81999969482422,37.209999084472656,23.709999084472656,37.209999084472656
2021-01-28,150660271471.53,867320575516.0,355.4487688435801,360.7092968563918,355.00491053153803,356.6482238769531,94198100.0,33.25,36.290000915527344,27.38999938964844,30.209999084472656
2021-01-29,243918382858.49,892627776842.0,354.75937560653165,355.741599542921,347.8082944888103,349.50830078125,126765100.0,35.15999984741211,37.5099983215332,29.239999771118164,33.09000015258789
2021-01-30,157587798858.54,899390302191.0,354.75937560653165,355.741599542921,347.8082944888103,349.50830078125,126765100.0,35.15999984741211,37.5099983215332,29.239999771118164,33.09000015258789
2021-01-31,136146118558.15,871090556472.0,354.75937560653165,355.741599542921,347.8082944888103,349.50830078125,126765100.0,35.15999984741211,37.5099983215332,29.239999771118164,33.09000015258789
2021-02-01,163748461688.02,884488707727.0,352.9554700157922,356.37433192810187,349.8010496651537,355.3260192871094,75817600.0,31.450000762939453,33.959999084472656,29.030000686645508,30.239999771118164
2021-02-02,155610760603.91,940750966665.0,358.5560062866703,361.9276580426692,355.4110393288535,360.3504333496094,64450700.0,28.01000022888184,28.07999992370605,25.309999465942383,25.559999465942383
2021-02-03,145204639314.54,1002391166913.0,361.1910042293601,362.381005771248,359.33991313684527,360.6337890625,52427100.0,24.59000015258789,25.43000030517578,22.90999984741211,22.90999984741211
2021-02-04,172000212903.07,989452947468.0,361.6820893619909,364.7798458850506,360.7471046523447,364.7326354980469,47142600.0,23.440000534057617,23.440000534057617,21.68000030517578,21.770000457763672
2021-02-05,151007342761.78,1035287962062.0,366.6309462045133,366.8859341602956,364.68540568329496,366.1681518554688,48669800.0,21.989999771118164,22.15999984741211,20.86000061035156,20.8700008392334
2021-02-06,161679222816.2,1054115843867.0,366.6309462045133,366.8859341602956,364.68540568329496,366.1681518554688,48669800.0,21.989999771118164,22.15999984741211,20.86000061035156,20.8700008392334
2021-02-07,170520641409.59,1042036418911.0,366.6309462045133,366.8859341602956,364.68540568329496,366.1681518554688,48669800.0,21.989999771118164,22.15999984741211,20.86000061035156,20.8700008392334
2021-02-08,214251082264.5,1203343097605.0,367.64149894027054,368.859832458101,366.7726318155629,368.8126220703125,38365200.0,21.88999938964844,22.06999969482422,21.229999542236328,21.239999771118164
2021-02-09,198505935829.0,1220647183473.0,367.9625927717028,369.1715014665784,367.5470664353014,368.5670471191406,35551100.0,21.56999969482422,22.26000022888184,20.649999618530277,21.6299991607666
2021-02-10,211861809120.8,1202869924337.0,370.3330950656053,370.4842086332597,365.9697952792103,368.4064331054688,59154400.0,21.63999938964844,23.850000381469727,19.690000534057617,21.989999771118164
2021-02-11,180296271075.63,1267629109093.0,369.50204652812033,369.9270553094596,366.5365251310788,369.0014953613281,42913300.0,22.09000015258789,23.25,21.11000061035156,21.25
2021-02-12,184552735625.46,1281824904206.0,368.1892887738823,371.0698141520557,368.1137175671668,370.82427978515625,50593300.0,21.600000381469727,22.450000762939453,19.950000762939453,19.96999931335449
2021-02-13,183720184375.29,1275584498919.0,368.1892887738823,371.0698141520557,368.1137175671668,370.82427978515625,50593300.0,21.600000381469727,22.450000762939453,19.950000762939453,19.96999931335449
2021-02-14,166814962690.31,1296221931590.0,368.1892887738823,371.0698141520557,368.1137175671668,370.82427978515625,50593300.0,21.600000381469727,22.450000762939453,19.950000762939453,19.96999931335449
2021-02-15,189816435307.1,1273799387320.0,368.1892887738823,371.0698141520557,368.1137175671668,370.82427978515625,50593300.0,21.600000381469727,22.450000762939453,19.950000762939453,19.96999931335449
2021-02-16,175252797818.12,1298638003559.0,372.0709143884372,372.2692671884747,369.7759361763204,370.5031433105469,50972400.0,21.1299991607666,22.459999084472656,20.8799991607666,21.459999084472656
2021-02-17,178372861007.87,1372975922843.0,368.7276206446242,370.8431532530497,367.6981575150909,370.5881652832031,52290600.0,22.020000457763672,23.440000534057617,21.09000015258789,21.5
2021-02-18,123230197173.6,1380608694960.0,367.9437358561692,369.7664949669706,366.1965191322215,369.0109558105469,59712800.0,21.979999542236328,24.229999542236328,21.799999237060547,22.489999771118164
2021-02-19,148818819034.3,1488792502989.0,370.2858843706084,370.5786579008257,367.9058817095314,368.3592224121094,83241000.0,23.100000381469727,23.190000534057617,20.84000015258789,22.049999237060547
2021-02-20,170364414055.4,1489398688543.0,370.2858843706084,370.5786579008257,367.9058817095314,368.3592224121094,83241000.0,23.100000381469727,23.190000534057617,20.84000015258789,22.049999237060547
2021-02-21,125346338058.59999,1519156247351.0,370.2858843706084,370.5786579008257,367.9058817095314,368.3592224121094,83241000.0,23.100000381469727,23.190000534057617,20.84000015258789,22.049999237060547
2021-02-22,212108121158.1,1432620591222.0,365.5542719364303,367.97203158504686,365.2520447748612,365.5259399414063,67414200.0,24.459999084472656,25.09000015258789,21.959999084472656,23.450000762939453
2021-02-23,238537332930.4,1279184451485.0,363.2876775592541,367.33932635600047,359.0754903751852,365.9698791503906,107284100.0,22.81999969482422,27.01000022888184,22.5,23.11000061035156
2021-02-24,150649462469.7,1312093392751.0,364.86478698795975,370.4369952707305,363.8636848295288,370.0025329589844,72433900.0,23.76000022888184,25.040000915527344,21.309999465942383,21.34000015258789
2021-02-25,121511293845.1,1233689143698.0,368.7181439185223,370.10646931124126,359.62319887866613,361.0870666503906,146670500.0,21.729999542236328,31.15999984741211,21.520000457763672,28.88999938964844
2021-02-26,603813945954.0,1219978605693.0,362.99489117343546,364.15653191575177,357.2149329939965,359.2265625,152701600.0,28.729999542236328,30.81999969482422,25.229999542236328,27.950000762939453
2021-02-27,115385379759.6,1226801390338.0,362.99489117343546,364.15653191575177,357.2149329939965,359.2265625,152701600.0,28.729999542236328,30.81999969482422,25.229999542236328,27.950000762939453
2021-02-28,127685637993.8,1194991039056.0,362.99489117343546,364.15653191575177,357.2149329939965,359.2265625,152701600.0,28.729999542236328,30.81999969482422,25.229999542236328,27.950000762939453
2021-03-01,115988056075.8,1312649737973.0,364.1659956975434,369.19986846147,359.42492535101763,367.9342956542969,105348800.0,25.200000762939453,25.38999938964844,23.170000076293945,23.350000381469727
2021-03-02,108908119248.5,1276071576290.0,368.1610200417904,368.3971296649014,364.5532580833802,365.0632629394531,79595300.0,23.57999992370605,24.600000381469727,22.799999237060547,24.100000381469727
2021-03-03,110211505868.1,1329886511572.0,364.3548518013864,365.33704685993314,360.12375793467703,360.2276611328125,119940200.0,22.799999237060547,26.790000915527344,22.450000762939453,26.670000076293945
2021-03-04,116040683483.6,1282326823335.0,360.0388097084294,362.6643473200026,351.21775846923066,355.7699584960937,183433000.0,26.520000457763672,31.899999618530277,24.93000030517578,28.56999969482422
2021-03-05,104345738614.31,1292144091291.0,359.32102845516323,363.38213090068587,351.93554201305096,362.3149108886719,152039600.0,29.479999542236328,30.030000686645508,24.32999992370605,24.65999984741211
2021-03-06,83375486240.1,1305713580297.0,359.32102845516323,363.38213090068587,351.93554201305096,362.3149108886719,152039600.0,29.479999542236328,30.030000686645508,24.32999992370605,24.65999984741211
2021-03-07,94258221987.1,1365659763392.0,359.32102845516323,363.38213090068587,351.93554201305096,362.3149108886719,152039600.0,29.479999542236328,30.030000686645508,24.32999992370605,24.65999984741211
2021-03-08,108263638596.92,1399986625474.0,363.28763721508136,366.1398304838052,360.2276663690353,360.510986328125,123149200.0,27.61000061035156,28.38999938964844,24.06999969482422,25.46999931335449
2021-03-09,111707946424.5,1466213553274.0,364.4115984316323,368.2460164089609,363.9015935750587,365.65826416015625,113633600.0,25.11000061035156,25.25,22.899999618530277,24.030000686645508
2021-03-10,114982338932.7,1468400314073.0,368.0381988647241,369.653180443051,366.6026628864305,367.9342956542969,109899400.0,23.76000022888184,23.8700008392334,22.3799991607666,22.559999465942383
2021-03-11,109758978354.7,1512160299883.0,370.4370366875005,373.6669994625936,369.97424233167743,371.664794921875,86245000.0,22.5,22.5,21.450000762939453,21.90999984741211
2021-03-12,109689349204.0,1486947680126.0,370.2859820215094,372.307065273487,369.4643251992488,372.1654052734375,64653600.0,22.56999969482422,22.989999771118164,20.6299991607666,20.690000534057617
2021-03-13,118408692050.0,1584818384320.0,370.2859820215094,372.307065273487,369.4643251992488,372.1654052734375,64653600.0,22.56999969482422,22.989999771118164,20.6299991607666,20.690000534057617
2021-03-14,88349765103.45,1537999276911.0,370.2859820215094,372.307065273487,369.4643251992488,372.1654052734375,64653600.0,22.56999969482422,22.989999771118164,20.6299991607666,20.690000534057617
2021-03-15,123299765304.40001,1453703774599.0,372.4203483058429,374.6492377180652,370.2481517087687,374.3847961425781,73427200.0,21.84000015258789,21.86000061035156,19.8700008392334,20.030000686645508
2021-03-16,121437992385.2,1486399959043.0,375.0081496215402,375.7259031821311,373.1286976706678,373.91259765625,73722500.0,20.13999938964844,20.309999465942383,19.32999992370605,19.790000915527344
2021-03-17,118666154278.42,1538732259856.0,372.6092341500416,375.999764122925,371.4475646875674,375.18756103515625,97959300.0,20.100000381469727,20.950000762939453,19.18000030517578,19.229999542236328
2021-03-18,110942419580.01,1505522465473.0,372.5620134976693,374.67754596748256,369.03924842787467,369.7286987304688,115349100.0,18.950000762939453,22.600000381469727,18.950000762939453,21.57999992370605
2021-03-19,97069927396.2,1526976108540.0,369.4236235546316,371.02495426639285,366.83685188570126,369.0446166992188,113624500.0,21.43000030517578,23.170000076293945,19.899999618530277,20.950000762939453
2021-03-20,103421764272.77,1525992252675.0,369.4236235546316,371.02495426639285,366.83685188570126,369.0446166992188,113624500.0,21.43000030517578,23.170000076293945,19.899999618530277,20.950000762939453
2021-03-21,100406920289.33,1500748968374.0,369.4236235546316,371.02495426639285,366.83685188570126,369.0446166992188,113624500.0,21.43000030517578,23.170000076293945,19.899999618530277,20.950000762939453
2021-03-22,112009265123.3,1433464895726.0,369.5657156776233,373.3937510952082,369.5088661000266,371.9913940429688,73778600.0,21.90999984741211,22.290000915527344,18.8700008392334,18.8799991607666
2021-03-23,108760553785.0,1430063383098.0,371.3470613897416,372.8157235997657,368.2675841162878,369.0635070800781,90686600.0,19.459999084472656,21.57999992370605,18.799999237060547,20.299999237060547
2021-03-24,131545193043.9,1370620083951.0,370.48485937634734,372.1430396932492,367.1400739509088,367.18743896484375,97588600.0,20.63999938964844,21.489999771118164,19.299999237060547,21.200000762939453
2021-03-25,129143947624.6,1349019170823.0,365.7282030551319,370.0583998475133,363.7573214267062,369.2530212402344,116128600.0,20.799999237060547,23.549999237060547,19.809999465942383,19.809999465942383
2021-03-26,108924053509.9,1444237992358.0,370.4185307141513,375.6110144219351,369.8121255114941,375.2035827636719,114409100.0,19.31999969482422,21.489999771118164,18.68000030517578,18.86000061035156
2021-03-27,86845981730.2,1455418393711.0,370.4185307141513,375.6110144219351,369.8121255114941,375.2035827636719,114409100.0,19.31999969482422,21.489999771118164,18.68000030517578,18.86000061035156
2021-03-28,83153766814.0,1453326389615.0,370.4185307141513,375.6110144219351,369.8121255114941,375.2035827636719,114409100.0,19.31999969482422,21.489999771118164,18.68000030517578,18.86000061035156
2021-03-29,101466760709.90001,1515570530428.0,373.7064399120075,375.93314485193406,372.1998682078959,375.0140380859375,108107600.0,20.399999618530277,21.600000381469727,19.420000076293945,20.739999771118164
2021-03-30,100368127795.2,1544641923843.0,373.72540205792205,374.7013583857122,372.3988347712134,374.0191345214844,76262200.0,20.76000022888184,21.75,19.46999931335449,19.61000061035156
2021-03-31,135900685145.4,1556315376346.0,374.597109294312,377.1175466185609,374.5686845052416,375.53515625,112734200.0,19.799999237060547,20.11000061035156,18.850000381469727,19.399999618530277
2021-04-01,135023792678.1,1572566919297.0,377.49653967642456,379.6474546643085,377.2880815920562,379.590576171875,99682900.0,18.600000381469727,18.63999938964844,17.290000915527344,17.329999923706055
2021-04-02,133217966120.5,1611605255562.0,377.49653967642456,379.6474546643085,377.2880815920562,379.590576171875,99682900.0,18.600000381469727,18.63999938964844,17.290000915527344,17.329999923706055
2021-04-03,137901422385.7,1561036826983.0,377.49653967642456,379.6474546643085,377.2880815920562,379.590576171875,99682900.0,18.600000381469727,18.63999938964844,17.290000915527344,17.329999923706055
2021-04-04,115667351734.4,1604816250497.0,377.49653967642456,379.6474546643085,377.2880815920562,379.590576171875,99682900.0,18.600000381469727,18.63999938964844,17.290000915527344,17.329999923706055
2021-04-05,162464650130.3,1628507323197.0,382.2911044778064,385.5885249698861,382.2153146703845,385.0389404296875,91684800.0,18.15999984741211,18.399999618530277,17.350000381469727,17.90999984741211
2021-04-06,187024887780.6,1635184640312.0,384.4704869271347,385.8728153916663,384.1293604652393,384.81158447265625,62021000.0,18.06999969482422,18.299999237060547,17.3700008392334,18.1200008392334
2021-04-07,185529317082.19998,1550172714946.0,384.6409767036579,385.60744851743874,384.1766954768959,385.2568664550781,55836300.0,17.989999771118164,18.170000076293945,16.8700008392334,17.15999984741211
2021-04-08,120824105468.5,1626203597335.0,386.52653115479086,387.1424208677092,385.5789996221879,387.0855712890625,57863100.0,16.920000076293945,17.360000610351562,16.549999237060547,16.950000762939453
2021-04-09,98795593863.3,1625124947211.0,386.96239478498376,390.07029688102585,386.8392110660328,389.8997192382813,61104600.0,17.049999237060547,17.34000015258789,16.200000762939453,16.690000534057617
2021-04-10,141409379950.2,1689706167919.0,386.96239478498376,390.07029688102585,386.8392110660328,389.8997192382813,61104600.0,17.049999237060547,17.34000015258789,16.200000762939453,16.690000534057617
2021-04-11,127569741676.4,1704842044107.0,386.96239478498376,390.07029688102585,386.8392110660328,389.8997192382813,61104600.0,17.049999237060547,17.34000015258789,16.200000762939453,16.690000534057617
2021-04-12,133242481957.3,1721802922023.0,389.29334261461736,390.31666396413743,388.6774528911601,390.0419006347656,56704900.0,17.43000030517578,17.90999984741211,16.809999465942383,16.90999984741211
2021-04-13,184684784539.5,1831396267929.0,389.93764127349846,391.83270429408094,389.5491498843151,391.1978454589844,56551000.0,16.989999771118164,17.860000610351562,16.43000030517578,16.649999618530273
2021-04-14,216015056108.5,1848077056022.0,391.1694773428785,392.2401927312513,389.3123234102263,389.8619079589844,61659900.0,16.709999084472656,17.690000534057617,15.380000114440918,16.989999771118164
2021-04-15,167258054182.6,1868672055824.0,392.0317103642805,394.3247495327733,391.9843453513801,394.0499572753906,60229800.0,16.780000686645508,16.920000076293945,15.9399995803833,16.56999969482422
2021-04-16,263337867783.0,1833239909177.0,395.3574893094131,395.9828635234013,393.9172519451873,395.3669738769531,82037300.0,16.649999618530273,16.8799991607666,16.049999237060547,16.25
2021-04-17,191725994686.3,1790838457316.0,395.3574893094131,395.9828635234013,393.9172519451873,395.3669738769531,82037300.0,16.649999618530273,16.8799991607666,16.049999237060547,16.25
2021-04-18,256269255363.2,1674055339133.0,395.3574893094131,395.9828635234013,393.9172519451873,395.3669738769531,82037300.0,16.649999618530273,16.8799991607666,16.049999237060547,16.25
2021-04-19,192847065440.4,1655765255420.0,394.4194860084357,394.8742826387559,392.0790819603542,393.424560546875,78498500.0,17.040000915527344,18.61000061035156,16.780000686645508,17.290000915527344
2021-04-20,198066003176.1,1705955757643.0,392.19279357038414,393.3108738772448,389.0469818344049,390.5440979003906,81851800.0,17.360000610351562,19.700000762939453,17.239999771118164,18.68000030517578
2021-04-21,156953946984.5,1641592063959.0,389.9186693777714,394.4478684723751,389.77651652968217,394.2394104003906,66793000.0,18.479999542236328,19.290000915527344,16.90999984741211,17.5
2021-04-22,201166776421.3,1580027147340.0,394.06888220228007,394.9121701853349,389.5586230915933,390.6387939453125,97582800.0,17.280000686645508,19.899999618530277,16.989999771118164,18.709999084472656
2021-04-23,232630034071.5,1562643241605.0,391.2073253041885,396.305049394628,391.13153550748166,394.874267578125,73209200.0,18.559999465942383,18.780000686645508,16.799999237060547,17.329999923706055
2021-04-24,127225182360.8,1507935357710.0,391.2073253041885,396.305049394628,391.13153550748166,394.874267578125,73209200.0,18.559999465942383,18.780000686645508,16.799999237060547,17.329999923706055
2021-04-25,116006200716.4,1502763325220.0,391.2073253041885,396.305049394628,391.13153550748166,394.874267578125,73209200.0,18.559999465942383,18.780000686645508,16.799999237060547,17.329999923706055
2021-04-26,142607789224.1,1663290557417.0,395.5375442396298,396.2766176390851,394.9405947792301,395.6986083984375,52182400.0,17.940000534057617,18.170000076293945,16.8700008392334,17.639999389648438
2021-04-27,125338846017.9,1713507097060.0,396.00186421846695,396.2008666690119,394.4573831245252,395.6133728027344,51303100.0,17.6200008392334,18.15999984741211,16.969999313354492,17.559999465942383
2021-04-28,131241678368.1,1719182079392.0,395.88818626075977,397.02523577826383,395.0259290113205,395.4996948242188,51238900.0,17.469999313354492,17.84000015258789,16.670000076293945,17.280000686645508
2021-04-29,116784865507.7,1703551787708.0,398.26644801025617,398.6454548279253,394.5900211544957,398.0200805664063,78544300.0,16.8799991607666,18.8700008392334,16.770000457763672,17.610000610351562
2021-04-30,126938732308.8,1808681029223.0,395.71763937529647,396.5798966288045,394.4953154756674,395.4049377441406,85527000.0,17.670000076293945,19.25,17.639999389648438,18.61000061035156
2021-05-01,111376449840.5,1842731132827.0,395.71763937529647,396.5798966288045,394.4953154756674,395.4049377441406,85527000.0,17.670000076293945,19.25,17.639999389648438,18.61000061035156
2021-05-02,101605852929.09999,1815233323298.0,395.71763937529647,396.5798966288045,394.4953154756674,395.4049377441406,85527000.0,17.670000076293945,19.25,17.639999389648438,18.61000061035156
2021-05-03,146033551443.6,1902249109837.0,397.42310507724056,397.8115964377392,395.7554694053897,396.2576599121094,68128300.0,18.649999618530277,19.1200008392334,17.799999237060547,18.309999465942383
2021-05-04,224978875709.30002,1796404512255.0,394.2393889696097,394.74157944531447,390.07025667291833,393.81298828125,101591200.0,18.15999984741211,21.850000381469727,18.11000061035156,19.479999542236328
2021-05-05,224595687466.80002,1957511123655.0,395.480729859338,395.7176127509672,393.3677240561132,393.9362487792969,60162200.0,18.84000015258789,19.57999992370605,17.889999389648438,19.149999618530277
2021-05-06,217318602512.9,1928403471661.0,394.0119489743898,397.2146095674793,391.974762352954,397.08197021484375,74321400.0,18.40999984741211,20.600000381469727,18.209999084472656,18.38999938964844
2021-05-07,205571028596.4,1940541602457.0,397.8590385196276,400.6352990359247,397.16733007456617,399.9720153808594,67733800.0,18.450000762939453,18.56999969482422,16.68000030517578,16.690000534057617
2021-05-08,182848126889.2,2015410600813.0,397.8590385196276,400.6352990359247,397.16733007456617,399.9720153808594,67733800.0,18.450000762939453,18.56999969482422,16.68000030517578,16.690000534057617
2021-05-09,214345855422.4,2010984175814.0,397.8590385196276,400.6352990359247,397.16733007456617,399.9720153808594,67733800.0,18.450000762939453,18.56999969482422,16.68000030517578,16.690000534057617
2021-05-10,216462981057.1,1920322066370.0,400.3320633983441,400.5594617077472,395.8881382984354,396.0113220214844,81852400.0,17.34000015258789,19.75,17.06999969482422,19.65999984741211
2021-05-11,191959601637.7,1998411817148.0,391.4252437273337,393.48137075939,388.5447400525624,392.47698974609375,116888000.0,21.170000076293945,23.729999542236328,20.709999084472656,21.84000015258789
2021-05-12,215054105002.1,1748744362778.0,389.6534348621203,390.9420639734234,382.80277090363,384.1387939453125,134811000.0,22.420000076293945,28.3799991607666,21.65999984741211,27.59000015258789
2021-05-13,274881915208.9,1787636009643.0,385.7117273070357,390.7146934128624,385.6643333732876,388.7532958984375,106394000.0,26.030000686645508,28.93000030517578,22.229999542236328,23.1299991607666
2021-05-14,175223867019.9,1866061133190.0,391.5294797482887,395.58491337776223,391.5010549601808,394.72265625,82201600.0,21.770000457763672,22.100000381469727,18.65999984741211,18.809999465942383
2021-05-15,178778283380.0,1739532862394.0,391.5294797482887,395.58491337776223,391.5010549601808,394.72265625,82201600.0,21.770000457763672,22.100000381469727,18.65999984741211,18.809999465942383
2021-05-16,181728276813.3,1732506767249.0,391.5294797482887,395.58491337776223,391.5010549601808,394.72265625,82201600.0,21.770000457763672,22.100000381469727,18.65999984741211,18.809999465942383
2021-05-17,199107194996.8,1611433209333.0,393.59513742677,394.5426689599001,391.671620654803,393.7182922363281,65129200.0,19.88999938964844,21.57999992370605,19.670000076293945,19.71999931335449
2021-05-18,156597979334.3,1621840935649.0,393.9836299922977,394.229997462961,390.1650787788656,390.326171875,59810200.0,18.88999938964844,21.450000762939453,18.809999465942383,21.34000015258789
2021-05-19,326186867354.8,1264315169287.0,385.5695477382727,389.48282871641976,384.06294714030616,389.30279541015625,106467100.0,22.459999084472656,25.959999084472656,21.8799991607666,22.18000030517578
2021-05-20,238128221578.9,1435240429518.0,390.193515779158,394.7701097699938,390.0703609563428,393.4909362792969,78022200.0,22.32999992370605,23.5,20.190000534057617,20.670000076293945
2021-05-21,201247277455.5,1277502212069.0,394.997491244822,396.2577244589043,392.7044809788796,393.1687622070313,76578700.0,20.420000076293945,20.88999938964844,19.530000686645508,20.149999618530277
2021-05-22,146098575170.5,1242109116369.0,394.997491244822,396.2577244589043,392.7044809788796,393.1687622070313,76578700.0,20.420000076293945,20.88999938964844,19.530000686645508,20.149999618530277
2021-05-23,197649131552.0,1136776100205.0,394.997491244822,396.2577244589043,392.7044809788796,393.1687622070313,76578700.0,20.420000076293945,20.88999938964844,19.530000686645508,20.149999618530277
2021-05-24,176470450891.4,1331202591530.0,395.4427895060935,398.2664437628936,395.196422064871,397.1767883300781,51376700.0,20.5,20.51000022888184,18.3799991607666,18.399999618530277
2021-05-25,154997185439.6,1328816543967.0,398.2759307664491,398.6359973884671,395.7081283168972,396.2955932617188,57451400.0,18.350000381469727,19.290000915527344,16.8700008392334,18.84000015258789
2021-05-26,137079216144.29999,1396387116531.0,396.8924523780936,397.5936163246177,395.8407064583072,397.08197021484375,43088600.0,18.3700008392334,18.920000076293945,17.350000381469727,17.360000610351562
2021-05-27,114356081414.40001,1346528671161.0,398.1243597672101,398.64549057368816,397.0062505177326,397.29052734375,56707700.0,18.030000686645508,18.170000076293945,16.520000457763672,16.739999771118164
2021-05-28,138748039167.65,1231058154404.0,398.88235706801134,399.1476647448963,397.7642767808798,398.0011596679688,58520200.0,16.799999237060547,16.860000610351562,15.899999618530272,16.760000228881836
2021-05-29,112527170499.33,1176175082059.0,398.88235706801134,399.1476647448963,397.7642767808798,398.0011596679688,58520200.0,16.799999237060547,16.860000610351562,15.899999618530272,16.760000228881836
2021-05-30,86056918766.53,1225061030094.0,398.88235706801134,399.1476647448963,397.7642767808798,398.0011596679688,58520200.0,16.799999237060547,16.860000610351562,15.899999618530272,16.760000228881836
2021-05-31,103622507253.07,1325090433650.0,398.88235706801134,399.1476647448963,397.7642767808798,398.0011596679688,58520200.0,16.799999237060547,16.860000610351562,15.899999618530272,16.760000228881836
2021-06-01,96057598729.52,1306349787725.0,400.398409410538,400.540533358127,397.2052327504447,397.6505737304688,54216600.0,17.239999771118164,18.530000686645508,15.68000030517578,17.899999618530273
2021-06-02,97348061085.4,1351126276872.0,398.3138798220192,399.1287720872258,397.2905583510496,398.2759704589844,49097100.0,17.860000610351562,18.309999465942383,16.739999771118164,17.479999542236328
2021-06-03,97591727084.0,1409686132671.0,395.9260776643167,397.953780215038,394.4384461393618,396.79779052734375,58138800.0,17.729999542236328,19.270000457763672,17.450000762939453,18.040000915527344
2021-06-04,111558458322.70001,1321308999179.0,398.6739101682677,400.730066409153,396.8641213901124,400.4268493652344,55938800.0,18.09000015258789,18.420000076293945,16.18000030517578,16.420000076293945
2021-06-05,92617764230.3,1282300680909.0,398.6739101682677,400.730066409153,396.8641213901124,400.4268493652344,55938800.0,18.09000015258789,18.420000076293945,16.18000030517578,16.420000076293945
2021-06-06,71000798600.22,1301872569179.0,398.6739101682677,400.730066409153,396.8641213901124,400.4268493652344,55938800.0,18.09000015258789,18.420000076293945,16.18000030517578,16.420000076293945
2021-06-07,87657926171.4,1216129545882.0,400.4173368984328,400.5973701984432,399.09079856917214,400.038330078125,51555000.0,17.34000015258789,17.350000381469727,15.779999732971191,16.420000076293945
2021-06-08,125488653906.8,1207783200381.0,400.9100651819755,401.004824121417,398.2664729446775,400.1236267089844,47134300.0,16.579999923706055,17.75,15.149999618530272,17.06999969482422
2021-06-09,118754598489.2,1304478313047.0,400.9764251067639,401.0522438297383,399.2993045446768,399.5267028808594,48436300.0,17.18000030517578,17.959999084472656,15.550000190734863,17.889999389648438
2021-06-10,94255951278.97,1260307692105.0,400.7679603364781,402.3503508431194,399.4319373008559,401.38385009765625,51020100.0,18.18000030517578,18.290000915527344,16.010000228881836,16.100000381469727
2021-06-11,83095590900.29001,1245619254444.0,401.9429045475261,402.1608183026852,400.6353063510963,402.047119140625,45570800.0,16.18000030517578,16.200000762939453,15.149999618530272,15.649999618530272
2021-06-12,82678229640.74,1213513755787.0,401.9429045475261,402.1608183026852,400.6353063510963,402.047119140625,45570800.0,16.18000030517578,16.200000762939453,15.149999618530272,15.649999618530272
2021-06-13,86424730225.11,1311855504134.0,401.9429045475261,402.1608183026852,400.6353063510963,402.047119140625,45570800.0,16.18000030517578,16.200000762939453,15.149999618530272,15.649999618530272
2021-06-14,88675301588.52,1339079020222.0,402.1608591820148,403.0515412638485,400.9006547859238,402.94732666015625,42358500.0,16.040000915527344,17.040000915527344,15.039999961853027,16.389999389648438
2021-06-15,97936736084.61,1358400814412.0,403.0988728620678,403.13675330316806,401.31750897386974,402.2081909179688,51508500.0,16.270000457763672,17.350000381469727,16.139999389648438,17.020000457763672
2021-06-16,81223680013.97,1269525785032.0,402.3503531007764,402.5777514344579,397.88748730405695,399.9625549316406,80386100.0,16.989999771118164,19.11000061035156,16.420000076293945,18.149999618530277
2021-06-17,74028668693.57,1267293978162.0,399.54567761290207,400.8248221882056,397.3189724853758,399.8299255371094,90949700.0,18.489999771118164,19.21999931335449,16.709999084472656,17.75
2021-06-18,75832111222.48,1194480853593.0,396.49888926725794,397.20234729448094,394.22689506559306,394.43603515625,118676300.0,16.959999084472656,21.040000915527344,16.920000076293945,20.700000762939453
2021-06-19,62767714928.7,1177382950567.0,396.49888926725794,397.20234729448094,394.22689506559306,394.43603515625,118676300.0,16.959999084472656,21.040000915527344,16.920000076293945,20.700000762939453
2021-06-20,76535382916.15,1190877848907.0,396.49888926725794,397.20234729448094,394.22689506559306,394.43603515625,118676300.0,16.959999084472656,21.040000915527344,16.920000076293945,20.700000762939453
2021-06-21,116468091535.0,1015128863058.0,396.22323228245057,400.2729321104869,395.3961874468034,400.0827941894531,72822000.0,21.739999771118164,21.81999969482422,17.809999465942383,17.889999389648438
2021-06-22,131987581637.3,1022515797075.0,400.07330258141474,403.0677862287972,399.3412977044952,402.2217102050781,57700300.0,17.90999984741211,18.31999969482422,15.760000228881836,16.65999984741211
2021-06-23,104516179630.5,1083176376000.0,402.29774654472567,403.1152757089288,401.65132408777833,401.7368774414063,49445400.0,16.25,16.84000015258789,14.859999656677246,16.31999969482422
2021-06-24,74565119233.5,1115449923317.0,403.9138093571336,404.5412005823701,403.6571202994765,404.1134338378906,45110300.0,15.989999771118164,16.049999237060547,14.1899995803833,15.970000267028809
2021-06-25,87569554915.34,1016829689529.0,404.8739184533192,406.0051721709191,404.5411916520895,405.5488586425781,58129500.0,16.040000915527344,16.170000076293945,15.210000038146973,15.619999885559082
2021-06-26,77608185900.55,1030111035267.0,404.8739184533192,406.0051721709191,404.5411916520895,405.5488586425781,58129500.0,16.040000915527344,16.170000076293945,15.210000038146973,15.619999885559082
2021-06-27,70739833351.78,1105254730246.0,404.8739184533192,406.0051721709191,404.5411916520895,405.5488586425781,58129500.0,16.040000915527344,16.170000076293945,15.210000038146973,15.619999885559082
2021-06-28,75183642842.76,1114232824077.0,406.0812467317112,406.5375312578483,404.8644396437298,406.3664245605469,53159600.0,16.06999969482422,16.459999084472656,15.390000343322754,15.760000228881836
2021-06-29,82103857909.86,1160972866252.0,406.75618970628017,407.40261213002657,406.04321611836207,406.5850830078125,35970500.0,15.6899995803833,16.309999465942383,14.100000381469728,16.020000457763672
2021-06-30,78300344752.45,1160638817789.0,406.11926457244334,407.61176295178456,406.0907467886138,406.9273071289063,64827900.0,16.18000030517578,17.309999465942383,15.579999923706056,15.829999923706056
2021-07-01,82615288160.09,1101406635469.0,407.69734548192986,409.3419484963884,407.6307943112412,409.1803283691406,53441000.0,15.619999885559082,16.010000228881836,15.3100004196167,15.479999542236328
2021-07-02,83651475155.73,1114784797308.0,410.3591696382817,412.6691975430289,409.2659200519343,412.3079528808594,57697700.0,15.529999732971191,15.539999961853027,14.25,15.06999969482422
2021-07-03,53376931415.85,1142933817274.0,410.3591696382817,412.6691975430289,409.2659200519343,412.3079528808594,57697700.0,15.529999732971191,15.539999961853027,14.25,15.06999969482422
2021-07-04,56242952670.24,1173409039834.0,410.3591696382817,412.6691975430289,409.2659200519343,412.3079528808594,57697700.0,15.529999732971191,15.539999961853027,14.25,15.06999969482422
2021-07-05,60562187185.49,1120498416260.0,410.3591696382817,412.6691975430289,409.2659200519343,412.3079528808594,57697700.0,15.529999732971191,15.539999961853027,14.25,15.06999969482422
2021-07-06,62328624110.590004,1152534360779.0,412.36492733581633,412.5835830228709,408.7810570558254,411.556884765625,68710400.0,15.770000457763672,17.940000534057617,15.729999542236328,16.440000534057617
